Model,Processor,RAM,Storage,Configuration,Part Number AAVA,Part Number M3,Item Name M3,Approvals
Tab-IND 8 WIN WLAN,N100,8GB RAM,128GB UFS,"GNSS, Finger-Print-Scanner, Windows 11 IoT Enterprise LTSC",IV08WIUAB1F2XXMW,480993-100014,TAB-IND08WIUAB1F2XXMW.1,"EU, US, CA, AU, NZ"
Tab-IND 8 WIN WLAN,N100,8GB RAM,128GB UFS,"non GNSS, no OS",IV08WINAB1N0XXMW,589778,TAB-IND08WINAB1N0XXMW.1,
Tab-IND 10 WIN WLAN,N100,8GB RAM,128GB UFS,"GNSS, Finger-Print-Scanner, Windows 11 IoT Enterprise LTSC",IV10WIUAB1F2XXJW,480993-100015,TAB-IND10WIUAB1F2XXJW.1,"EU (UK), US, CA, AU, JP, MX"
Tab-IND 10 WIN WLAN,N100,16GB RAM,256GB UFS,"GNSS, Finger-Print-Scanner, Windows 11 IoT Enterprise LTSC",IV10WIUAC1F2XXJW,480993-100016,TAB-IND10WIUAC1F2XXJW.1,"EU (UK), US, CA, AU, JP, MX"
Tab-IND 10 WIN WLAN,N100,8GB RAM,128GB UFS,"non GNSS, no OS",IV10WINAB1N0XXJW,70182332,TAB-IND10WINAB1N0XXJW.1,
Tab-IND 10 WIN WLAN,N100,8GB RAM,128GB UFS,"non GNSS, Windows 11 IoT Enterprise LTSC",IV10WINAB1N2XXJW,70212390,TAB-IND10WINAB1N2XXJW.1,
Tab-IND 10 WIN WLAN,N100,8GB RAM,128GB UFS,"non GNSS, Windows 11 IoT Enterprise LTSC, white label",IV10WINAB1N2XX,589781,TAB-IND10WINAB1N2XX.1,
Tab-IND 10 WIN WLAN,N100,8GB RAM,128GB UFS,"non GNSS, no OS, white Label, bulk shipment",IV10WINAB1N0BU10,70200401,TAB-IND10WINAB1N0BU10.3,
Tab-IND 10 AND WLAN,QCS6490,8GB RAM,128GB UFS,"Android 15 GMS, Finger-Print-Scanner, non-GNSS",SA10WINAA1A3XXNW,480993-100017,TAB-IND10WINAA1A3XXNW.1,"EU, US, CA, AU, NZ, JP"
Tab-IND 10 AND 5G,QCS6490,8GB RAM,128GB UFS,"Android 15 GMS, Finger-Print-Scanner, with GNSS",SA10T5GAA1A3XXLW,480993-100018,TAB-IND10T5GAA1A3XXLW.1,"EU, US, CA, AU, NZ"
Tab-IND 15 KIOSK AND WLAN,QCS6490,8GB RAM,128GB UFS,Android 15 GMS,SA15WINAA1A3XXNW,70206536,TAB-IND15WINAA1A3XXNW.1,"EU, US, CA"
Tab-IND 15 KIOSK AND WLAN Scanner Module,,,,,ACSAAC010A00,591651,ACSAAC010A00.1,
Tab-IND 15 KIOSK AND WLAN Camera Module,,,,,ACSAAC030A00,70205337,ACSAAC030A00.2,
Tab-IND 15 KIOSK AND WLAN Lightbar Module,,,,,ACSAAC020A00,591652,ACSAAC020A00.1,
Tab-IND 22 KIOSK AND WLAN,QCS6490,8GB RAM,128GB UFS,"Android 15 GMS, etched glass",SA22WINAA1A3XXNW,70206537 ,TAB-IND22WINAA1A3XXNW.1,"EU, US, CA"
Tab-IND 10 WIN RW ThinManager Ready WLAN,N100,8GB RAM,128GB UFS,"non GNSS, RW ThinManager",IV10WINAB1NBXXJW,480993-100012,TAB-IND10WINAB1NBXXJW.1,"EU (UK), US, CA, AU, JP, MX"
"AC/DC Adapter for USB-C 27W, US version",,,,,AMME5328.1,589656,TC TAB-IND 27W US USB-C,
"AC/DC Adapter for USB-C 27W, EU version",,,,,AMME5329.1,589657,TC TAB-IND 27W EU USB-C,
"AC/DC Adapter for USB-C 27W, UK version",,,,,AMME5330.1,589658,TC TAB-IND 27W UK USB-C,
Tab-IND 8 Windows spare battery - for AAVA part number starting IV08,,,,"BP 8"" Tab-IND 08 WIN",AMME5350.3,70177187,"BP 8"" WIN TAB-IND08",
Tab-IND 10 Windows spare battery - for AAVA part number starting IV10,,,,"BP 10"" Tab-IND 10 WIN",AMME4974.5,70177188,"BP 10"" WIN TAB-IND10",
Tab-IND 10 Android spare battery - for AAVA part number starting SA10,,,,"BP 10"" Tab-IND 10 AND",AMME5260.2,589651,"BP 10"" AND TAB-IND10",
Tab-IND 8 Windows spare battery - for AAVA part number starting AU08,,,,"BP old 8"" Tab-IND 08 WIN for maintenance",AMME5350.AG3,70200539,AMME5350.AG3,
Tab-IND 10 Windows spare battery - for AAVA part number starting AU10,,,,"BP old 10"" Tab-IND 10 WIN for maintenance",AMME4974.AG4,70184642,AMME4974.AG4,
Tab-IND 8 Power Pack Smart-Back - works on Windows & Android,,,,,ACPWRP020B00.1,70177190,PP SMART-BACK FOR TAB-IND08,
Tab-IND 10 Power Pack Smart-Back - works with Windows & Android,,,,,ACPWRP040B00.1,589162,PP SMART-BACK FOR TAB-IND10,
"Full docking station (3x USB, HDMI, LAN), incl. charger, EU cable",,,,,IN0201360EU.1,70177191,FULL-DS-STATION-EU FOR TAB-IND,
"Full docking station (3x USB, HDMI, LAN), incl. charger, US cable",,,,,IN0201360US.1,70177192,FULL-DS-STATION-US FOR TAB-IND,
"Scanner Frame - Full docking station (3x USB, HDMI, LAN), incl. charger, EU cable",,,,,IN0201370EU.1,70177193,SCANNER-FRAME-FULL-DS-EU,
"Scanner Frame - Full docking station (3x USB, HDMI, LAN), incl. charger, US cable",,,,,IN0201370US.1,70177194,SCANNER-FRAME-FULL-DS-US,
Modular Charger - Single Charger Set EU (24W),,,,,ACSTND05DA00.6B,70177196,SINGLE-CHARGER-SET-EU for TAB-IND,
Modular Charger - Single Charger Set US (24 W),,,,,ACSTND05EA00.2B,70177198,SINGLE-CHARGER-SET-US for TAB-IND,
Modular Charger - 5 Charger Set EU,,,,,ACSTND05FA00.4B,70177200,5-CHARGER-SET-EU for TAB-IND,
Modular Charger - 5 Charger Set US,,,,,ACSTND05GA00.6B,70177202,5-CHARGER-SET-US for TAB-IND,
Tab-IND 8 Rugged Frame black,,,,,IN02040036.4,70177204,"RUGGED-FRAME-8""-BLACK for TAB-IND08 Series",
Tab-IND 10 Rugged Frame black,,,,,IN02040088.2,70177206,"RUGGED-FRAME-10""-BLACK for TAB-IND10 Series",
Tab-IND 8 Scanner Frame,,,,,ACSF0801HA00.1,570024,ACSF0801HA00.1,
Tab-IND 10 Scanner Frame,,,,,ACSF1001HA00.3,570025,ACSF1001HA00.3,
I/O Adapter Rugged Frame,,,,,ACADAP010B00,70177207,RUGGED FRAME IO ADAPTER using Rugged Frame with Scanner Frame FULL-DS for TAB-IND 08 and TAB-IND 10,
"Tablet Hand Strap, adjustable, TPE",,,,,AU02010002,70177208,HA TAB-IND TPE ADJUST. for TAB-IND 08 and TAB-IND 10,
"Tablet Hand Strap, adjustable, Nylon",,,,,IN02040013.1,70177209,HA TAB-IND NYLON ADJUST. for TAB-IND 08 and TAB-IND 10,
"Shoulder strap, length adjustable",,,,,IN02040014.1,70177210,SHOULDER STRAP FOR TAB-IND 08 and TAB-IND 10,
"VESA Smartback 10"" (EU AC adapter)",,,,,ACSTND06BA00.2,589749,"VESA 75/100 SmartBack for 10"" Tab-IND with EU AC adapter",
"VESA Smartback 10"" (US AC adapter)",,,,,ACSTND06AA00.1,590105,"VESA75 SMARTBACK 10"", US AC adapter",
"VESA Smartback 10"" (UK AC adapter)",,,,,ACSTND06BC00.1,590329,"VESA75 SMARTBACK 10"", UK AC adapter",
"VESA Smartback 10"" (JP AC adapter)",,,,,ACSTND06CA00.1,590106,"VESA75 SMARTBACK 10"", JP AC adapter",
"USB-C to USB-C cable, 1m",,,,,AMME3695,570157,"USB CABLE C TO C, 1 M",
"Passive stylus, 6mm tip, ECOM branded ",,,,,IN02040096.1,70154951,ST 02 STYLUS WITH TETHER ,
"Payment Smartback 8"" Link2500i",,,,,ACPSB8010C00,570007,8-inch modular expansion back designed to mount a payment terminal onto a mobile tablet,
"Payment Smartback 8"" Equinox 6200m MSR",,,,,ACPSB8050A00,570017,Integrate an Equinox Luxe 6200m mobile payment terminal onto the back of an 8-inch enterprise tablet,
"Payment Smartback 8"" Verifone e235",,,,,ACPSB8070A00,589351,tablet mount or housing unit designed to integrate the Verifone e235 mobile payment terminal with an 8-inch tablet setup,
"Payment Smartback 8"" Moby5500m",,,,,ACPSB8080A00,589519,"a secure, attachable back-shell enclosure designed to physically integrate the Ingenico Moby/5500M compact mobile card reader onto an 8-inch enterprise tablet",
"Payment Smartback 8"" MSR non-encrypting",,,,,INO2050027,570492,specialized hardware expansion accessory designed for the OONA 8-inch rugged Android POS tablet,
"Smartback Adapter 8"" on 10""",,,,,ACPWRP030B00,70198483,"use 8-inch Smart-Backs (such as payment terminals, barcode scanners, or battery expansions) on 10-inch Aava Mobile tablets",
